[
{
  "model": "core.position",
  "pk": 11,
  "fields": {
    "name": "Developer"
  }
},
{
  "model": "core.position",
  "pk": 12,
  "fields": {
    "name": "Project Manager"
  }
},
{
  "model": "core.position",
  "pk": 13,
  "fields": {
    "name": "QA"
  }
},
{
  "model": "core.position",
  "pk": 14,
  "fields": {
    "name": "Designer"
  }
},
{
  "model": "core.position",
  "pk": 15,
  "fields": {
    "name": "DevOps"
  }
},
{
  "model": "core.tasktype",
  "pk": 6,
  "fields": {
    "name": "Bug"
  }
},
{
  "model": "core.tasktype",
  "pk": 7,
  "fields": {
    "name": "New feature"
  }
},
{
  "model": "core.tasktype",
  "pk": 8,
  "fields": {
    "name": "Breaking change"
  }
},
{
  "model": "core.tasktype",
  "pk": 9,
  "fields": {
    "name": "Refactoring"
  }
},
{
  "model": "core.tasktype",
  "pk": 10,
  "fields": {
    "name": "QA"
  }
},
{
  "model": "core.worker",
  "pk": 28,
  "fields": {
    "password": "pbkdf2_sha256$1000000$7Pu7GOidW6IkH0uchZcX37$TfNe32LYpPFavR3Yu0DBvYlS+N0H4NKrpJtlbvO1nBQ=",
    "last_login": null,
    "is_superuser": false,
    "username": "ivan_dev",
    "first_name": "Іван",
    "last_name": "Петренко",
    "email": "ivan.dev@example.com",
    "is_staff": false,
    "is_active": true,
    "date_joined": "2025-12-13T20:54:18.837Z",
    "position": 11,
    "groups": [],
    "user_permissions": []
  }
},
{
  "model": "core.worker",
  "pk": 29,
  "fields": {
    "password": "pbkdf2_sha256$1000000$9VMDX3s1PCvsLw14N4sqB1$W0qnLtKehfgDjsYYb/8jFcOgR39iCxd9XAWx8v5thHc=",
    "last_login": null,
    "is_superuser": false,
    "username": "maria_dev",
    "first_name": "Марія",
    "last_name": "Коваленко",
    "email": "maria.dev@example.com",
    "is_staff": false,
    "is_active": true,
    "date_joined": "2025-12-13T20:54:19.105Z",
    "position": 11,
    "groups": [],
    "user_permissions": []
  }
},
{
  "model": "core.worker",
  "pk": 30,
  "fields": {
    "password": "pbkdf2_sha256$1000000$HYpNLojwehwAWB2tiHzrrV$kJ/A17sMuOaHRC+YTGbUgnra24G9rIUv88CCiJyR96M=",
    "last_login": null,
    "is_superuser": false,
    "username": "oleg_pm",
    "first_name": "Олег",
    "last_name": "Сидоренко",
    "email": "oleg.pm@example.com",
    "is_staff": false,
    "is_active": true,
    "date_joined": "2025-12-13T20:54:19.359Z",
    "position": 12,
    "groups": [],
    "user_permissions": []
  }
},
{
  "model": "core.worker",
  "pk": 31,
  "fields": {
    "password": "pbkdf2_sha256$1000000$FUlexxrYu0h7Fa6r75PbP9$Nwz/Z9ucD/CKK+xTJxD4LdjbUauRv6FlPHkGJ5PTJCQ=",
    "last_login": null,
    "is_superuser": false,
    "username": "anna_qa",
    "first_name": "Анна",
    "last_name": "Мельник",
    "email": "anna.qa@example.com",
    "is_staff": false,
    "is_active": true,
    "date_joined": "2025-12-13T20:54:19.613Z",
    "position": 13,
    "groups": [],
    "user_permissions": []
  }
},
{
  "model": "core.worker",
  "pk": 32,
  "fields": {
    "password": "pbkdf2_sha256$1000000$FvR1crlXgatthvOihSRWGv$Xd4iDrBvN7YqxvrIA9J/QtWT8n8NuQmGKv4lmLLUPnU=",
    "last_login": null,
    "is_superuser": false,
    "username": "sophia_designer",
    "first_name": "Софія",
    "last_name": "Шевченко",
    "email": "sophia.designer@example.com",
    "is_staff": false,
    "is_active": true,
    "date_joined": "2025-12-13T20:54:19.867Z",
    "position": 14,
    "groups": [],
    "user_permissions": []
  }
},
{
  "model": "core.worker",
  "pk": 33,
  "fields": {
    "password": "pbkdf2_sha256$1000000$LziWwwQ2WwucFhg834MDE7$U+mJiMIcfdrN4/WdzfH+dyypnuAxmb8ecF3eR66FXb8=",
    "last_login": null,
    "is_superuser": false,
    "username": "dmitro_devops",
    "first_name": "Дмитро",
    "last_name": "Бондаренко",
    "email": "dmitro.devops@example.com",
    "is_staff": false,
    "is_active": true,
    "date_joined": "2025-12-13T20:54:20.120Z",
    "position": 15,
    "groups": [],
    "user_permissions": []
  }
},
{
  "model": "core.worker",
  "pk": 34,
  "fields": {
    "password": "pbkdf2_sha256$1000000$uUK7pCbq1AirpmPZLsv0tm$ot2h/dX591DbGqeQoyiDlwZm5Se7bP83spgup/pWrmM=",
    "last_login": null,
    "is_superuser": false,
    "username": "olena_dev",
    "first_name": "Олена",
    "last_name": "Ткаченко",
    "email": "olena.dev@example.com",
    "is_staff": false,
    "is_active": true,
    "date_joined": "2025-12-13T20:54:20.373Z",
    "position": 11,
    "groups": [],
    "user_permissions": []
  }
},
{
  "model": "core.worker",
  "pk": 35,
  "fields": {
    "password": "pbkdf2_sha256$1000000$Jzi7A5g9nu3LQg4mGV515R$1emtf6QfzAa7i1h/3eEvDEZCTE+CsICWI0Z7I6ZAaQk=",
    "last_login": "2025-12-13T20:55:16.811Z",
    "is_superuser": true,
    "username": "admin",
    "first_name": "Taras",
    "last_name": "Shevchenko",
    "email": "admin@mail.com",
    "is_staff": true,
    "is_active": true,
    "date_joined": "2025-12-13T20:55:12.399Z",
    "position": 11,
    "groups": [],
    "user_permissions": []
  }
},
{
  "model": "core.task",
  "pk": 23,
  "fields": {
    "name": "Fix Dashboard for Vacancies",
    "description": "Виправити помилку відображення вакансій на головній панелі. Проблема виникає при завантаженні більше 100 записів.",
    "deadline": "2025-12-18",
    "is_completed": false,
    "priority": "urgent",
    "task_type": 6,
    "assignees": [
      29,
      28
    ]
  }
},
{
  "model": "core.task",
  "pk": 24,
  "fields": {
    "name": "Add sign-in with Google button",
    "description": "Додати можливість входу через Google OAuth. Потрібно інтегрувати Google API та створити відповідний UI компонент.",
    "deadline": "2025-12-27",
    "is_completed": false,
    "priority": "high",
    "task_type": 7,
    "assignees": [
      28,
      32
    ]
  }
},
{
  "model": "core.task",
  "pk": 25,
  "fields": {
    "name": "Refactor user authentication module",
    "description": "Провести рефакторинг модуля аутентифікації користувачів. Покращити структуру коду та додати unit-тести.",
    "deadline": "2026-01-03",
    "is_completed": false,
    "priority": "medium",
    "task_type": 9,
    "assignees": [
      34
    ]
  }
},
{
  "model": "core.task",
  "pk": 26,
  "fields": {
    "name": "Update API endpoints - breaking changes",
    "description": "Оновити API endpoints з breaking changes. Потрібно оновити версію API до v2 та забезпечити backward compatibility.",
    "deadline": "2025-12-20",
    "is_completed": false,
    "priority": "high",
    "task_type": 8,
    "assignees": [
      33,
      28
    ]
  }
},
{
  "model": "core.task",
  "pk": 27,
  "fields": {
    "name": "Test payment integration",
    "description": "Протестувати інтеграцію з платіжною системою. Перевірити всі сценарії оплати та обробку помилок.",
    "deadline": "2025-12-23",
    "is_completed": false,
    "priority": "high",
    "task_type": 10,
    "assignees": [
      31
    ]
  }
},
{
  "model": "core.task",
  "pk": 28,
  "fields": {
    "name": "Fix memory leak in background tasks",
    "description": "Виявити та виправити виток пам'яті в фонових задачах. Проблема спостерігається після тривалої роботи системи.",
    "deadline": "2025-12-16",
    "is_completed": false,
    "priority": "urgent",
    "task_type": 6,
    "assignees": [
      33,
      29
    ]
  }
},
{
  "model": "core.task",
  "pk": 29,
  "fields": {
    "name": "Design new landing page",
    "description": "Створити дизайн нової landing page для продукту. Врахувати сучасні тренди та брендбук компанії.",
    "deadline": "2025-12-25",
    "is_completed": false,
    "priority": "medium",
    "task_type": 7,
    "assignees": [
      32
    ]
  }
},
{
  "model": "core.task",
  "pk": 30,
  "fields": {
    "name": "Add dark mode support",
    "description": "Додати підтримку темного режиму для всього додатку. Створити тему та додати перемикач в налаштуваннях.",
    "deadline": "2025-12-31",
    "is_completed": false,
    "priority": "low",
    "task_type": 7,
    "assignees": [
      34,
      32
    ]
  }
},
{
  "model": "core.task",
  "pk": 31,
  "fields": {
    "name": "Optimize database queries",
    "description": "Оптимізувати запити до бази даних. Додати індекси та переписати повільні запити.",
    "deadline": "2025-12-28",
    "is_completed": false,
    "priority": "medium",
    "task_type": 9,
    "assignees": [
      28
    ]
  }
},
{
  "model": "core.task",
  "pk": 32,
  "fields": {
    "name": "Test mobile responsiveness",
    "description": "Протестувати адаптивність інтерфейсу на мобільних пристроях. Перевірити різні розміри екранів та браузери.",
    "deadline": "2025-12-21",
    "is_completed": true,
    "priority": "high",
    "task_type": 10,
    "assignees": [
      31
    ]
  }
},
{
  "model": "core.task",
  "pk": 33,
  "fields": {
    "name": "Migrate to new framework version",
    "description": "Міграція на нову версію фреймворку з breaking changes. Оновити залежності та виправити несумісність API.",
    "deadline": "2026-01-07",
    "is_completed": false,
    "priority": "medium",
    "task_type": 8,
    "assignees": [
      33,
      29
    ]
  }
},
{
  "model": "core.task",
  "pk": 34,
  "fields": {
    "name": "Fix login page styling",
    "description": "Виправити стилізацію сторінки входу. Прибрати застарілі стилі та привести до єдиного дизайну.",
    "deadline": "2025-12-11",
    "is_completed": true,
    "priority": "low",
    "task_type": 6,
    "assignees": [
      32
    ]
  }
},
{
  "model": "core.task",
  "pk": 35,
  "fields": {
    "name": "Fix login page styling",
    "description": "Виправити стилізацію сторінки входу. Прибрати застарілі стилі та привести до єдиного дизайну.",
    "deadline": "2025-12-11",
    "is_completed": true,
    "priority": "low",
    "task_type": 6,
    "assignees": [
      35,
      32
    ]
  }
},
{
  "model": "core.task",
  "pk": 36,
  "fields": {
    "name": "Migrate to new framework version",
    "description": "Міграція на нову версію фреймворку з breaking changes. Оновити залежності та виправити несумісність API.",
    "deadline": "2026-01-07",
    "is_completed": false,
    "priority": "medium",
    "task_type": 8,
    "assignees": [
      35,
      33,
      29
    ]
  }
},
{
  "model": "core.task",
  "pk": 37,
  "fields": {
    "name": "Test mobile responsiveness",
    "description": "Протестувати адаптивність інтерфейсу на мобільних пристроях. Перевірити різні розміри екранів та браузери.",
    "deadline": "2025-12-21",
    "is_completed": true,
    "priority": "high",
    "task_type": 10,
    "assignees": [
      35,
      31
    ]
  }
},
{
  "model": "core.task",
  "pk": 38,
  "fields": {
    "name": "Optimize database queries",
    "description": "Оптимізувати запити до бази даних. Додати індекси та переписати повільні запити.",
    "deadline": "2025-12-28",
    "is_completed": false,
    "priority": "medium",
    "task_type": 9,
    "assignees": [
      35,
      28
    ]
  }
},
{
  "model": "core.task",
  "pk": 39,
  "fields": {
    "name": "Add dark mode support",
    "description": "Додати підтримку темного режиму для всього додатку. Створити тему та додати перемикач в налаштуваннях.",
    "deadline": "2025-12-31",
    "is_completed": false,
    "priority": "low",
    "task_type": 7,
    "assignees": [
      35,
      34,
      32
    ]
  }
},
{
  "model": "core.task",
  "pk": 40,
  "fields": {
    "name": "Design new landing page",
    "description": "Створити дизайн нової landing page для продукту. Врахувати сучасні тренди та брендбук компанії.",
    "deadline": "2025-12-25",
    "is_completed": false,
    "priority": "medium",
    "task_type": 7,
    "assignees": [
      35,
      32
    ]
  }
},
{
  "model": "core.task",
  "pk": 41,
  "fields": {
    "name": "Fix memory leak in background tasks",
    "description": "Виявити та виправити виток пам'яті в фонових задачах. Проблема спостерігається після тривалої роботи системи.",
    "deadline": "2025-12-16",
    "is_completed": false,
    "priority": "urgent",
    "task_type": 6,
    "assignees": [
      35,
      33,
      29
    ]
  }
},
{
  "model": "core.task",
  "pk": 42,
  "fields": {
    "name": "Add dark mode validation",
    "description": "Додати нову можливість для користувачів.",
    "deadline": "2026-01-07",
    "is_completed": true,
    "priority": "low",
    "task_type": 9,
    "assignees": [
      29,
      34,
      32
    ]
  }
},
{
  "model": "core.task",
  "pk": 43,
  "fields": {
    "name": "Implement responsive design feature #2",
    "description": "Додати нову можливість для користувачів.",
    "deadline": "2026-01-09",
    "is_completed": false,
    "priority": "urgent",
    "task_type": 8,
    "assignees": [
      29
    ]
  }
},
{
  "model": "core.task",
  "pk": 44,
  "fields": {
    "name": "Refactor authorization architecture #3",
    "description": "Оптимізувати продуктивність та швидкодію.",
    "deadline": "2025-12-19",
    "is_completed": false,
    "priority": "high",
    "task_type": 8,
    "assignees": [
      35,
      34
    ]
  }
},
{
  "model": "core.task",
  "pk": 45,
  "fields": {
    "name": "Add error tracking validation #4",
    "description": "Виправити стилізацію та відображення.",
    "deadline": "2026-01-14",
    "is_completed": true,
    "priority": "high",
    "task_type": 10,
    "assignees": [
      29,
      30,
      34
    ]
  }
},
{
  "model": "core.task",
  "pk": 46,
  "fields": {
    "name": "Fix Filter security issue #5",
    "description": "Протестувати інтеграцію з іншими системами.",
    "deadline": "2026-02-08",
    "is_completed": false,
    "priority": "urgent",
    "task_type": 10,
    "assignees": [
      32
    ]
  }
},
{
  "model": "core.task",
  "pk": 47,
  "fields": {
    "name": "Refactor payment architecture #6",
    "description": "Видалити застарілий код та залежності.",
    "deadline": "2025-12-14",
    "is_completed": false,
    "priority": "medium",
    "task_type": 9,
    "assignees": [
      33,
      32
    ]
  }
},
{
  "model": "core.task",
  "pk": 48,
  "fields": {
    "name": "Refactor analytics architecture #7",
    "description": "Рефакторинг архітектури модуля.",
    "deadline": "2025-11-14",
    "is_completed": false,
    "priority": "urgent",
    "task_type": 8,
    "assignees": [
      33,
      28
    ]
  }
},
{
  "model": "core.task",
  "pk": 49,
  "fields": {
    "name": "Enhance backup system capabilities #8",
    "description": "Оновити документацію.",
    "deadline": "2026-01-18",
    "is_completed": true,
    "priority": "urgent",
    "task_type": 6,
    "assignees": [
      30
    ]
  }
},
{
  "model": "core.task",
  "pk": 50,
  "fields": {
    "name": "Refactor payment module #9",
    "description": "Виправити проблему безпеки.",
    "deadline": "2025-11-25",
    "is_completed": false,
    "priority": "medium",
    "task_type": 6,
    "assignees": [
      29,
      32
    ]
  }
},
{
  "model": "core.task",
  "pk": 51,
  "fields": {
    "name": "Update User Interface component #10",
    "description": "Створити новий дизайн інтерфейсу.",
    "deadline": "2025-12-11",
    "is_completed": false,
    "priority": "high",
    "task_type": 10,
    "assignees": [
      30,
      34
    ]
  }
},
{
  "model": "core.task",
  "pk": 52,
  "fields": {
    "name": "Fix Report styling #11",
    "description": "Провести рефакторинг для покращення якості коду.",
    "deadline": "2025-12-01",
    "is_completed": false,
    "priority": "high",
    "task_type": 7,
    "assignees": [
      35,
      33,
      30
    ]
  }
},
{
  "model": "core.task",
  "pk": 53,
  "fields": {
    "name": "Fix API bug #12",
    "description": "Виправити проблему безпеки.",
    "deadline": "2025-11-22",
    "is_completed": false,
    "priority": "urgent",
    "task_type": 7,
    "assignees": [
      35,
      32
    ]
  }
},
{
  "model": "core.task",
  "pk": 54,
  "fields": {
    "name": "Improve Registration UX #13",
    "description": "Розширити функціональність компонента.",
    "deadline": "2026-01-14",
    "is_completed": false,
    "priority": "low",
    "task_type": 9,
    "assignees": [
      31,
      28,
      32
    ]
  }
},
{
  "model": "core.task",
  "pk": 55,
  "fields": {
    "name": "Design Import interface #14",
    "description": "Мігрувати на нову версію з breaking changes.",
    "deadline": "2025-12-20",
    "is_completed": true,
    "priority": "urgent",
    "task_type": 8,
    "assignees": [
      31,
      28
    ]
  }
},
{
  "model": "core.task",
  "pk": 56,
  "fields": {
    "name": "Add email notifications filter #15",
    "description": "Виправити стилізацію та відображення.",
    "deadline": "2026-01-15",
    "is_completed": false,
    "priority": "low",
    "task_type": 6,
    "assignees": [
      35,
      34
    ]
  }
},
{
  "model": "core.task",
  "pk": 57,
  "fields": {
    "name": "Optimize Dashboard queries #16",
    "description": "Покращити користувацький досвід.",
    "deadline": "2025-11-14",
    "is_completed": true,
    "priority": "urgent",
    "task_type": 10,
    "assignees": [
      33,
      29,
      28
    ]
  }
},
{
  "model": "core.task",
  "pk": 58,
  "fields": {
    "name": "Remove deprecated Analytics #17",
    "description": "Провести рефакторинг для покращення якості коду.",
    "deadline": "2025-12-01",
    "is_completed": false,
    "priority": "medium",
    "task_type": 8,
    "assignees": [
      33,
      30
    ]
  }
},
{
  "model": "core.task",
  "pk": 59,
  "fields": {
    "name": "Refactor authentication architecture #18",
    "description": "Оптимізувати запити до бази даних.",
    "deadline": "2025-11-13",
    "is_completed": false,
    "priority": "low",
    "task_type": 6,
    "assignees": [
      29
    ]
  }
},
{
  "model": "core.task",
  "pk": 60,
  "fields": {
    "name": "Update Notification component #19",
    "description": "Оптимізувати запити до бази даних.",
    "deadline": "2025-11-21",
    "is_completed": false,
    "priority": "low",
    "task_type": 9,
    "assignees": [
      35
    ]
  }
},
{
  "model": "core.task",
  "pk": 61,
  "fields": {
    "name": "Fix Settings security issue #20",
    "description": "Розширити функціональність компонента.",
    "deadline": "2025-11-15",
    "is_completed": false,
    "priority": "low",
    "task_type": 6,
    "assignees": [
      35,
      29,
      30
    ]
  }
},
{
  "model": "core.task",
  "pk": 62,
  "fields": {
    "name": "Fix Notification security issue #21",
    "description": "Виправити помилку та покращити функціональність.",
    "deadline": "2025-12-06",
    "is_completed": false,
    "priority": "low",
    "task_type": 7,
    "assignees": [
      35,
      28,
      32
    ]
  }
},
{
  "model": "core.task",
  "pk": 63,
  "fields": {
    "name": "Design Export interface #22",
    "description": "Виправити проблему безпеки.",
    "deadline": "2025-12-21",
    "is_completed": false,
    "priority": "low",
    "task_type": 6,
    "assignees": [
      29
    ]
  }
},
{
  "model": "core.task",
  "pk": 64,
  "fields": {
    "name": "Add API rate limiting validation #23",
    "description": "Провести рефакторинг для покращення якості коду.",
    "deadline": "2026-01-27",
    "is_completed": true,
    "priority": "high",
    "task_type": 10,
    "assignees": [
      34,
      32
    ]
  }
},
{
  "model": "core.task",
  "pk": 65,
  "fields": {
    "name": "Add data export functionality #24",
    "description": "Оптимізувати продуктивність та швидкодію.",
    "deadline": "2025-11-15",
    "is_completed": false,
    "priority": "urgent",
    "task_type": 10,
    "assignees": [
      31
    ]
  }
},
{
  "model": "core.task",
  "pk": 66,
  "fields": {
    "name": "Fix Analytics styling #25",
    "description": "Додати валідацію даних.",
    "deadline": "2026-01-26",
    "is_completed": false,
    "priority": "low",
    "task_type": 7,
    "assignees": [
      31,
      30
    ]
  }
},
{
  "model": "core.task",
  "pk": 67,
  "fields": {
    "name": "Fix Payment styling #26",
    "description": "Оптимізувати запити до бази даних.",
    "deadline": "2025-12-30",
    "is_completed": false,
    "priority": "low",
    "task_type": 7,
    "assignees": [
      31,
      28,
      32
    ]
  }
},
{
  "model": "core.task",
  "pk": 68,
  "fields": {
    "name": "Optimize Payment queries #27",
    "description": "Виправити стилізацію та відображення.",
    "deadline": "2026-02-05",
    "is_completed": true,
    "priority": "high",
    "task_type": 7,
    "assignees": [
      29,
      31
    ]
  }
},
{
  "model": "core.task",
  "pk": 69,
  "fields": {
    "name": "Update user management documentation #28",
    "description": "Покращити користувацький досвід.",
    "deadline": "2026-02-11",
    "is_completed": false,
    "priority": "high",
    "task_type": 7,
    "assignees": [
      35,
      33,
      31
    ]
  }
},
{
  "model": "core.task",
  "pk": 70,
  "fields": {
    "name": "Improve Registration UX #29",
    "description": "Створити новий дизайн інтерфейсу.",
    "deadline": "2026-01-25",
    "is_completed": true,
    "priority": "medium",
    "task_type": 8,
    "assignees": [
      35,
      33,
      29
    ]
  }
},
{
  "model": "core.task",
  "pk": 71,
  "fields": {
    "name": "Migrate reporting to new version #30",
    "description": "Реалізувати нову функцію згідно з вимогами.",
    "deadline": "2025-11-13",
    "is_completed": false,
    "priority": "medium",
    "task_type": 10,
    "assignees": [
      35
    ]
  }
},
{
  "model": "core.task",
  "pk": 72,
  "fields": {
    "name": "Update User Interface component #31",
    "description": "Протестувати граничні випадки.",
    "deadline": "2025-11-15",
    "is_completed": false,
    "priority": "medium",
    "task_type": 8,
    "assignees": [
      35
    ]
  }
},
{
  "model": "core.task",
  "pk": 73,
  "fields": {
    "name": "Design Search interface #32",
    "description": "Протестувати інтеграцію з іншими системами.",
    "deadline": "2026-02-02",
    "is_completed": false,
    "priority": "high",
    "task_type": 8,
    "assignees": [
      34
    ]
  }
},
{
  "model": "core.task",
  "pk": 74,
  "fields": {
    "name": "Add performance monitoring filter #33",
    "description": "Протестувати граничні випадки.",
    "deadline": "2025-12-02",
    "is_completed": false,
    "priority": "high",
    "task_type": 6,
    "assignees": [
      33
    ]
  }
},
{
  "model": "core.task",
  "pk": 75,
  "fields": {
    "name": "Update Admin Panel component #34",
    "description": "Протестувати граничні випадки.",
    "deadline": "2025-12-06",
    "is_completed": false,
    "priority": "urgent",
    "task_type": 8,
    "assignees": [
      33,
      30
    ]
  }
},
{
  "model": "core.task",
  "pk": 76,
  "fields": {
    "name": "Implement advanced search feature #35",
    "description": "Оптимізувати продуктивність та швидкодію.",
    "deadline": "2026-02-08",
    "is_completed": false,
    "priority": "urgent",
    "task_type": 6,
    "assignees": [
      29,
      30
    ]
  }
},
{
  "model": "core.task",
  "pk": 77,
  "fields": {
    "name": "Optimize Search queries #36",
    "description": "Оновити документацію.",
    "deadline": "2026-02-08",
    "is_completed": false,
    "priority": "urgent",
    "task_type": 8,
    "assignees": [
      30,
      34
    ]
  }
},
{
  "model": "core.task",
  "pk": 78,
  "fields": {
    "name": "Remove deprecated API #37",
    "description": "Виправити стилізацію та відображення.",
    "deadline": "2025-12-24",
    "is_completed": false,
    "priority": "low",
    "task_type": 10,
    "assignees": [
      33,
      28,
      30
    ]
  }
},
{
  "model": "core.task",
  "pk": 79,
  "fields": {
    "name": "Optimize Registration performance #38",
    "description": "Провести рефакторинг для покращення якості коду.",
    "deadline": "2026-02-02",
    "is_completed": false,
    "priority": "medium",
    "task_type": 10,
    "assignees": [
      29
    ]
  }
},
{
  "model": "core.task",
  "pk": 80,
  "fields": {
    "name": "Test webhooks integration #39",
    "description": "Оптимізувати запити до бази даних.",
    "deadline": "2025-12-09",
    "is_completed": false,
    "priority": "low",
    "task_type": 7,
    "assignees": [
      33,
      29
    ]
  }
},
{
  "model": "core.task",
  "pk": 81,
  "fields": {
    "name": "Implement multi-language feature #40",
    "description": "Додати валідацію даних.",
    "deadline": "2025-11-29",
    "is_completed": true,
    "priority": "high",
    "task_type": 7,
    "assignees": [
      29,
      31,
      30
    ]
  }
},
{
  "model": "core.task",
  "pk": 82,
  "fields": {
    "name": "Test multi-language edge cases #41",
    "description": "Протестувати граничні випадки.",
    "deadline": "2025-12-21",
    "is_completed": true,
    "priority": "urgent",
    "task_type": 8,
    "assignees": [
      33,
      31
    ]
  }
},
{
  "model": "core.task",
  "pk": 83,
  "fields": {
    "name": "Refactor notification module #42",
    "description": "Виправити стилізацію та відображення.",
    "deadline": "2026-01-28",
    "is_completed": false,
    "priority": "urgent",
    "task_type": 6,
    "assignees": [
      29,
      30,
      34
    ]
  }
},
{
  "model": "core.task",
  "pk": 84,
  "fields": {
    "name": "Implement restore functionality feature #43",
    "description": "Оптимізувати продуктивність та швидкодію.",
    "deadline": "2026-02-01",
    "is_completed": true,
    "priority": "urgent",
    "task_type": 7,
    "assignees": [
      31,
      34
    ]
  }
},
{
  "model": "core.task",
  "pk": 85,
  "fields": {
    "name": "Refactor notification module #44",
    "description": "Провести рефакторинг для покращення якості коду.",
    "deadline": "2025-11-24",
    "is_completed": false,
    "priority": "urgent",
    "task_type": 10,
    "assignees": [
      32
    ]
  }
},
{
  "model": "core.task",
  "pk": 86,
  "fields": {
    "name": "Update analytics documentation #45",
    "description": "Розширити функціональність компонента.",
    "deadline": "2026-01-17",
    "is_completed": false,
    "priority": "high",
    "task_type": 8,
    "assignees": [
      35,
      29
    ]
  }
},
{
  "model": "core.task",
  "pk": 87,
  "fields": {
    "name": "Optimize Report queries #46",
    "description": "Протестувати граничні випадки.",
    "deadline": "2026-01-30",
    "is_completed": false,
    "priority": "low",
    "task_type": 10,
    "assignees": [
      33,
      29,
      30
    ]
  }
},
{
  "model": "core.task",
  "pk": 88,
  "fields": {
    "name": "Add restore functionality validation #47",
    "description": "Додати валідацію даних.",
    "deadline": "2025-11-16",
    "is_completed": false,
    "priority": "medium",
    "task_type": 9,
    "assignees": [
      35
    ]
  }
},
{
  "model": "core.task",
  "pk": 89,
  "fields": {
    "name": "Migrate content management to new version #48",
    "description": "Реалізувати нову функцію згідно з вимогами.",
    "deadline": "2025-11-19",
    "is_completed": false,
    "priority": "medium",
    "task_type": 7,
    "assignees": [
      35,
      33,
      32
    ]
  }
},
{
  "model": "core.task",
  "pk": 90,
  "fields": {
    "name": "Refactor authentication architecture #49",
    "description": "Реалізувати нову функцію згідно з вимогами.",
    "deadline": "2025-12-06",
    "is_completed": false,
    "priority": "low",
    "task_type": 8,
    "assignees": [
      35,
      28,
      34
    ]
  }
},
{
  "model": "core.task",
  "pk": 91,
  "fields": {
    "name": "Fix Authorization security issue #50",
    "description": "Рефакторинг архітектури модуля.",
    "deadline": "2025-12-24",
    "is_completed": false,
    "priority": "urgent",
    "task_type": 8,
    "assignees": [
      33,
      28,
      34
    ]
  }
},
{
  "model": "core.task",
  "pk": 92,
  "fields": {
    "name": "Migrate user management to new version #51",
    "description": "Реалізувати нову функцію згідно з вимогами.",
    "deadline": "2025-11-14",
    "is_completed": false,
    "priority": "low",
    "task_type": 7,
    "assignees": [
      30
    ]
  }
},
{
  "model": "core.task",
  "pk": 93,
  "fields": {
    "name": "Fix Import styling #52",
    "description": "Додати валідацію даних.",
    "deadline": "2025-12-18",
    "is_completed": true,
    "priority": "high",
    "task_type": 10,
    "assignees": [
      35
    ]
  }
},
{
  "model": "core.task",
  "pk": 94,
  "fields": {
    "name": "Add file upload filter #53",
    "description": "Покращити користувацький досвід.",
    "deadline": "2026-01-30",
    "is_completed": false,
    "priority": "medium",
    "task_type": 7,
    "assignees": [
      32
    ]
  }
},
{
  "model": "core.task",
  "pk": 95,
  "fields": {
    "name": "Implement scheduled tasks feature #54",
    "description": "Виправити проблему безпеки.",
    "deadline": "2025-12-26",
    "is_completed": false,
    "priority": "low",
    "task_type": 8,
    "assignees": [
      34
    ]
  }
},
{
  "model": "core.task",
  "pk": 96,
  "fields": {
    "name": "Optimize Authorization queries #55",
    "description": "Оновити компонент до нової версії.",
    "deadline": "2025-12-17",
    "is_completed": false,
    "priority": "high",
    "task_type": 9,
    "assignees": [
      34
    ]
  }
},
{
  "model": "core.task",
  "pk": 97,
  "fields": {
    "name": "Update Dashboard component #56",
    "description": "Реалізувати нову функцію згідно з вимогами.",
    "deadline": "2025-12-31",
    "is_completed": false,
    "priority": "low",
    "task_type": 9,
    "assignees": [
      35,
      33,
      31
    ]
  }
},
{
  "model": "core.task",
  "pk": 98,
  "fields": {
    "name": "Add API rate limiting filter #57",
    "description": "Реалізувати нову функцію згідно з вимогами.",
    "deadline": "2025-12-09",
    "is_completed": false,
    "priority": "medium",
    "task_type": 9,
    "assignees": [
      29,
      34,
      32
    ]
  }
},
{
  "model": "core.task",
  "pk": 99,
  "fields": {
    "name": "Optimize Authorization performance #58",
    "description": "Розширити функціональність компонента.",
    "deadline": "2025-12-18",
    "is_completed": false,
    "priority": "low",
    "task_type": 9,
    "assignees": [
      33,
      28
    ]
  }
},
{
  "model": "core.task",
  "pk": 100,
  "fields": {
    "name": "Update Cache component #59",
    "description": "Реалізувати нову функцію згідно з вимогами.",
    "deadline": "2026-01-29",
    "is_completed": false,
    "priority": "urgent",
    "task_type": 6,
    "assignees": [
      34
    ]
  }
},
{
  "model": "core.task",
  "pk": 101,
  "fields": {
    "name": "Remove deprecated Analytics #60",
    "description": "Додати фільтрацію та сортування.",
    "deadline": "2025-11-27",
    "is_completed": false,
    "priority": "high",
    "task_type": 10,
    "assignees": [
      29,
      30,
      32
    ]
  }
},
{
  "model": "core.task",
  "pk": 102,
  "fields": {
    "name": "Refactor notification architecture #61",
    "description": "Оптимізувати запити до бази даних.",
    "deadline": "2025-12-10",
    "is_completed": false,
    "priority": "urgent",
    "task_type": 8,
    "assignees": [
      33,
      30,
      34
    ]
  }
},
{
  "model": "core.task",
  "pk": 103,
  "fields": {
    "name": "Enhance logging capabilities #62",
    "description": "Додати нову можливість для користувачів.",
    "deadline": "2026-01-14",
    "is_completed": true,
    "priority": "high",
    "task_type": 6,
    "assignees": [
      35
    ]
  }
},
{
  "model": "core.task",
  "pk": 104,
  "fields": {
    "name": "Add caching validation #63",
    "description": "Реалізувати нову функцію згідно з вимогами.",
    "deadline": "2026-01-24",
    "is_completed": false,
    "priority": "urgent",
    "task_type": 6,
    "assignees": [
      29,
      32
    ]
  }
},
{
  "model": "core.task",
  "pk": 105,
  "fields": {
    "name": "Test accessibility integration #64",
    "description": "Виправити помилку та покращити функціональність.",
    "deadline": "2025-11-23",
    "is_completed": false,
    "priority": "medium",
    "task_type": 8,
    "assignees": [
      31,
      28,
      32
    ]
  }
},
{
  "model": "core.task",
  "pk": 106,
  "fields": {
    "name": "Add restore functionality filter #65",
    "description": "Покращити користувацький досвід.",
    "deadline": "2026-01-19",
    "is_completed": false,
    "priority": "medium",
    "task_type": 9,
    "assignees": [
      32
    ]
  }
},
{
  "model": "core.task",
  "pk": 107,
  "fields": {
    "name": "Implement performance monitoring feature #66",
    "description": "Рефакторинг архітектури модуля.",
    "deadline": "2025-12-14",
    "is_completed": false,
    "priority": "medium",
    "task_type": 10,
    "assignees": [
      28
    ]
  }
},
{
  "model": "core.task",
  "pk": 108,
  "fields": {
    "name": "Fix Registration security issue #67",
    "description": "Рефакторинг архітектури модуля.",
    "deadline": "2026-01-31",
    "is_completed": false,
    "priority": "high",
    "task_type": 10,
    "assignees": [
      34,
      32
    ]
  }
},
{
  "model": "core.task",
  "pk": 109,
  "fields": {
    "name": "Refactor authorization architecture #68",
    "description": "Виправити проблему безпеки.",
    "deadline": "2025-11-19",
    "is_completed": true,
    "priority": "medium",
    "task_type": 9,
    "assignees": [
      35,
      30
    ]
  }
},
{
  "model": "core.task",
  "pk": 110,
  "fields": {
    "name": "Migrate content management to new version #69",
    "description": "Видалити застарілий код та залежності.",
    "deadline": "2025-12-24",
    "is_completed": false,
    "priority": "low",
    "task_type": 9,
    "assignees": [
      35,
      31
    ]
  }
},
{
  "model": "core.task",
  "pk": 111,
  "fields": {
    "name": "Update Payment component #70",
    "description": "Оптимізувати продуктивність та швидкодію.",
    "deadline": "2025-12-15",
    "is_completed": false,
    "priority": "medium",
    "task_type": 8,
    "assignees": [
      35,
      28,
      30
    ]
  }
},
{
  "model": "core.task",
  "pk": 112,
  "fields": {
    "name": "Test performance monitoring edge cases #71",
    "description": "Оптимізувати запити до бази даних.",
    "deadline": "2026-01-24",
    "is_completed": true,
    "priority": "high",
    "task_type": 9,
    "assignees": [
      33,
      29
    ]
  }
},
{
  "model": "core.task",
  "pk": 113,
  "fields": {
    "name": "Test logging integration #72",
    "description": "Виправити проблему безпеки.",
    "deadline": "2025-12-19",
    "is_completed": false,
    "priority": "low",
    "task_type": 6,
    "assignees": [
      30
    ]
  }
},
{
  "model": "core.task",
  "pk": 114,
  "fields": {
    "name": "Update file management documentation #73",
    "description": "Додати нову можливість для користувачів.",
    "deadline": "2026-02-09",
    "is_completed": false,
    "priority": "high",
    "task_type": 7,
    "assignees": [
      31
    ]
  }
},
{
  "model": "core.task",
  "pk": 115,
  "fields": {
    "name": "Refactor authorization architecture #74",
    "description": "Додати нову можливість для користувачів.",
    "deadline": "2025-11-14",
    "is_completed": false,
    "priority": "medium",
    "task_type": 9,
    "assignees": [
      35,
      29,
      30
    ]
  }
},
{
  "model": "core.task",
  "pk": 116,
  "fields": {
    "name": "Update Analytics component #75",
    "description": "Додати валідацію даних.",
    "deadline": "2025-12-27",
    "is_completed": false,
    "priority": "urgent",
    "task_type": 10,
    "assignees": [
      31,
      30,
      32
    ]
  }
},
{
  "model": "core.task",
  "pk": 117,
  "fields": {
    "name": "Test email notifications integration #76",
    "description": "Видалити застарілий код та залежності.",
    "deadline": "2025-11-24",
    "is_completed": false,
    "priority": "high",
    "task_type": 9,
    "assignees": [
      33,
      31,
      34
    ]
  }
},
{
  "model": "core.task",
  "pk": 118,
  "fields": {
    "name": "Add bulk operations validation #77",
    "description": "Оновити документацію.",
    "deadline": "2025-11-24",
    "is_completed": false,
    "priority": "medium",
    "task_type": 7,
    "assignees": [
      35,
      29,
      32
    ]
  }
},
{
  "model": "core.task",
  "pk": 119,
  "fields": {
    "name": "Add advanced search validation #78",
    "description": "Протестувати інтеграцію з іншими системами.",
    "deadline": "2026-01-19",
    "is_completed": true,
    "priority": "high",
    "task_type": 8,
    "assignees": [
      30
    ]
  }
},
{
  "model": "core.task",
  "pk": 120,
  "fields": {
    "name": "Optimize Settings queries #79",
    "description": "Виправити помилку та покращити функціональність.",
    "deadline": "2026-01-23",
    "is_completed": false,
    "priority": "medium",
    "task_type": 7,
    "assignees": [
      33,
      28,
      34
    ]
  }
},
{
  "model": "core.task",
  "pk": 121,
  "fields": {
    "name": "Improve Analytics UX #80",
    "description": "Додати нову можливість для користувачів.",
    "deadline": "2025-11-27",
    "is_completed": false,
    "priority": "low",
    "task_type": 10,
    "assignees": [
      28,
      30,
      32
    ]
  }
},
{
  "model": "core.task",
  "pk": 122,
  "fields": {
    "name": "Test email notifications integration #81",
    "description": "Розширити функціональність компонента.",
    "deadline": "2025-12-05",
    "is_completed": false,
    "priority": "urgent",
    "task_type": 9,
    "assignees": [
      30
    ]
  }
},
{
  "model": "core.task",
  "pk": 123,
  "fields": {
    "name": "Add performance monitoring validation #82",
    "description": "Мігрувати на нову версію з breaking changes.",
    "deadline": "2025-11-17",
    "is_completed": false,
    "priority": "medium",
    "task_type": 8,
    "assignees": [
      33,
      29
    ]
  }
},
{
  "model": "core.task",
  "pk": 124,
  "fields": {
    "name": "Enhance data export capabilities #83",
    "description": "Протестувати інтеграцію з іншими системами.",
    "deadline": "2025-12-16",
    "is_completed": false,
    "priority": "urgent",
    "task_type": 6,
    "assignees": [
      33
    ]
  }
},
{
  "model": "core.task",
  "pk": 125,
  "fields": {
    "name": "Refactor file management architecture #84",
    "description": "Виправити стилізацію та відображення.",
    "deadline": "2026-01-03",
    "is_completed": false,
    "priority": "medium",
    "task_type": 9,
    "assignees": [
      35,
      32
    ]
  }
},
{
  "model": "core.task",
  "pk": 126,
  "fields": {
    "name": "Test responsive design edge cases #85",
    "description": "Оптимізувати запити до бази даних.",
    "deadline": "2025-12-22",
    "is_completed": true,
    "priority": "medium",
    "task_type": 10,
    "assignees": [
      35,
      29
    ]
  }
},
{
  "model": "core.task",
  "pk": 127,
  "fields": {
    "name": "Add user management filter #86",
    "description": "Рефакторинг архітектури модуля.",
    "deadline": "2026-01-09",
    "is_completed": false,
    "priority": "medium",
    "task_type": 6,
    "assignees": [
      29
    ]
  }
},
{
  "model": "core.task",
  "pk": 128,
  "fields": {
    "name": "Fix Dashboard bug #87",
    "description": "Створити новий дизайн інтерфейсу.",
    "deadline": "2026-01-12",
    "is_completed": true,
    "priority": "high",
    "task_type": 8,
    "assignees": [
      31,
      34
    ]
  }
},
{
  "model": "core.task",
  "pk": 129,
  "fields": {
    "name": "Enhance responsive design capabilities #88",
    "description": "Оптимізувати запити до бази даних.",
    "deadline": "2025-12-31",
    "is_completed": true,
    "priority": "low",
    "task_type": 9,
    "assignees": [
      35,
      31
    ]
  }
},
{
  "model": "core.task",
  "pk": 130,
  "fields": {
    "name": "Implement restore functionality feature #89",
    "description": "Протестувати інтеграцію з іншими системами.",
    "deadline": "2026-02-08",
    "is_completed": true,
    "priority": "low",
    "task_type": 8,
    "assignees": [
      31,
      28,
      32
    ]
  }
},
{
  "model": "core.task",
  "pk": 131,
  "fields": {
    "name": "Optimize Filter queries #90",
    "description": "Розширити функціональність компонента.",
    "deadline": "2025-11-19",
    "is_completed": false,
    "priority": "low",
    "task_type": 10,
    "assignees": [
      29,
      31,
      34
    ]
  }
},
{
  "model": "core.task",
  "pk": 132,
  "fields": {
    "name": "Add error tracking filter #91",
    "description": "Виправити помилку та покращити функціональність.",
    "deadline": "2025-12-06",
    "is_completed": false,
    "priority": "low",
    "task_type": 10,
    "assignees": [
      35,
      29,
      32
    ]
  }
},
{
  "model": "core.task",
  "pk": 133,
  "fields": {
    "name": "Remove deprecated Payment #92",
    "description": "Мігрувати на нову версію з breaking changes.",
    "deadline": "2025-12-09",
    "is_completed": false,
    "priority": "high",
    "task_type": 9,
    "assignees": [
      35
    ]
  }
},
{
  "model": "core.task",
  "pk": 134,
  "fields": {
    "name": "Fix Import bug #93",
    "description": "Виправити стилізацію та відображення.",
    "deadline": "2026-02-07",
    "is_completed": true,
    "priority": "low",
    "task_type": 9,
    "assignees": [
      33,
      29,
      28
    ]
  }
},
{
  "model": "core.task",
  "pk": 135,
  "fields": {
    "name": "Migrate analytics to new version #94",
    "description": "Виправити стилізацію та відображення.",
    "deadline": "2025-12-19",
    "is_completed": true,
    "priority": "low",
    "task_type": 10,
    "assignees": [
      33,
      34,
      32
    ]
  }
},
{
  "model": "core.task",
  "pk": 136,
  "fields": {
    "name": "Fix Authentication bug #95",
    "description": "Виправити стилізацію та відображення.",
    "deadline": "2026-01-12",
    "is_completed": false,
    "priority": "low",
    "task_type": 8,
    "assignees": [
      34
    ]
  }
},
{
  "model": "core.task",
  "pk": 137,
  "fields": {
    "name": "Optimize Filter queries #96",
    "description": "Додати валідацію даних.",
    "deadline": "2025-12-18",
    "is_completed": false,
    "priority": "medium",
    "task_type": 9,
    "assignees": [
      35,
      29,
      32
    ]
  }
},
{
  "model": "core.task",
  "pk": 138,
  "fields": {
    "name": "Design Export interface #97",
    "description": "Оптимізувати продуктивність та швидкодію.",
    "deadline": "2026-01-21",
    "is_completed": false,
    "priority": "urgent",
    "task_type": 10,
    "assignees": [
      33,
      28,
      32
    ]
  }
},
{
  "model": "core.task",
  "pk": 139,
  "fields": {
    "name": "Fix Database security issue #98",
    "description": "Оптимізувати продуктивність та швидкодію.",
    "deadline": "2025-11-17",
    "is_completed": false,
    "priority": "high",
    "task_type": 10,
    "assignees": [
      35,
      28,
      34
    ]
  }
},
{
  "model": "core.task",
  "pk": 140,
  "fields": {
    "name": "Refactor authentication architecture #99",
    "description": "Виправити стилізацію та відображення.",
    "deadline": "2026-01-19",
    "is_completed": false,
    "priority": "high",
    "task_type": 7,
    "assignees": [
      32
    ]
  }
},
{
  "model": "core.task",
  "pk": 141,
  "fields": {
    "name": "Fix Database styling #100",
    "description": "Додати нову можливість для користувачів.",
    "deadline": "2025-12-29",
    "is_completed": false,
    "priority": "low",
    "task_type": 7,
    "assignees": [
      35,
      33,
      29
    ]
  }
}
]
